flight,map_start_s,timestamp_m_ss,precision_s,criterion,video_source
1,0.2,0:00.2,0.1,first_stable_frame_of_label,https://www.youtube.com/watch?v=U7DFnNimSfw
2,0.7,0:00.7,0.1,first_stable_frame_of_label,https://www.youtube.com/watch?v=U7DFnNimSfw
3,1.9,0:01.9,0.1,first_stable_frame_of_label,https://www.youtube.com/watch?v=U7DFnNimSfw
4,3.0,0:03.0,0.1,first_stable_frame_of_label,https://www.youtube.com/watch?v=U7DFnNimSfw
5,4.2,0:04.2,0.1,first_stable_frame_of_label,https://www.youtube.com/watch?v=U7DFnNimSfw
6,5.3,0:05.3,0.1,first_stable_frame_of_label,https://www.youtube.com/watch?v=U7DFnNimSfw
7,7.7,0:07.7,0.1,first_stable_frame_of_label,https://www.youtube.com/watch?v=U7DFnNimSfw
8,8.4,0:08.4,0.1,first_stable_frame_of_label,https://www.youtube.com/watch?v=U7DFnNimSfw
9,9.0,0:09.0,0.1,first_stable_frame_of_label,https://www.youtube.com/watch?v=U7DFnNimSfw
10,9.6,0:09.6,0.1,first_stable_frame_of_label,https://www.youtube.com/watch?v=U7DFnNimSfw
11,10.3,0:10.3,0.1,first_stable_frame_of_label,https://www.youtube.com/watch?v=U7DFnNimSfw
12,10.9,0:10.9,0.1,first_stable_frame_of_label,https://www.youtube.com/watch?v=U7DFnNimSfw
13,11.5,0:11.5,0.1,first_stable_frame_of_label,https://www.youtube.com/watch?v=U7DFnNimSfw
14,12.1,0:12.1,0.1,first_stable_frame_of_label,https://www.youtube.com/watch?v=U7DFnNimSfw
15,12.8,0:12.8,0.1,first_stable_frame_of_label,https://www.youtube.com/watch?v=U7DFnNimSfw
16,13.4,0:13.4,0.1,first_stable_frame_of_label,https://www.youtube.com/watch?v=U7DFnNimSfw
17,14.0,0:14.0,0.1,first_stable_frame_of_label,https://www.youtube.com/watch?v=U7DFnNimSfw
18,14.7,0:14.7,0.1,first_stable_frame_of_label,https://www.youtube.com/watch?v=U7DFnNimSfw
19,15.3,0:15.3,0.1,first_stable_frame_of_label,https://www.youtube.com/watch?v=U7DFnNimSfw
20,15.9,0:15.9,0.1,first_stable_frame_of_label,https://www.youtube.com/watch?v=U7DFnNimSfw
21,16.6,0:16.6,0.1,first_stable_frame_of_label,https://www.youtube.com/watch?v=U7DFnNimSfw
22,17.2,0:17.2,0.1,first_stable_frame_of_label,https://www.youtube.com/watch?v=U7DFnNimSfw
23,17.9,0:17.9,0.1,first_stable_frame_of_label,https://www.youtube.com/watch?v=U7DFnNimSfw
24,18.5,0:18.5,0.1,first_stable_frame_of_label,https://www.youtube.com/watch?v=U7DFnNimSfw
25,19.2,0:19.2,0.1,first_stable_frame_of_label,https://www.youtube.com/watch?v=U7DFnNimSfw
26,19.8,0:19.8,0.1,first_stable_frame_of_label,https://www.youtube.com/watch?v=U7DFnNimSfw
27,20.4,0:20.4,0.1,first_stable_frame_of_label,https://www.youtube.com/watch?v=U7DFnNimSfw
28,21.1,0:21.1,0.1,first_stable_frame_of_label,https://www.youtube.com/watch?v=U7DFnNimSfw
29,21.7,0:21.7,0.1,first_stable_frame_of_label,https://www.youtube.com/watch?v=U7DFnNimSfw
30,22.4,0:22.4,0.1,first_stable_frame_of_label,https://www.youtube.com/watch?v=U7DFnNimSfw
31,23.0,0:23.0,0.1,first_stable_frame_of_label,https://www.youtube.com/watch?v=U7DFnNimSfw
32,23.6,0:23.6,0.1,first_stable_frame_of_label,https://www.youtube.com/watch?v=U7DFnNimSfw
33,24.3,0:24.3,0.1,first_stable_frame_of_label,https://www.youtube.com/watch?v=U7DFnNimSfw
34,24.9,0:24.9,0.1,first_stable_frame_of_label,https://www.youtube.com/watch?v=U7DFnNimSfw
35,25.6,0:25.6,0.1,first_stable_frame_of_label,https://www.youtube.com/watch?v=U7DFnNimSfw
36,26.2,0:26.2,0.1,first_stable_frame_of_label,https://www.youtube.com/watch?v=U7DFnNimSfw
37,26.9,0:26.9,0.1,first_stable_frame_of_label,https://www.youtube.com/watch?v=U7DFnNimSfw
38,27.5,0:27.5,0.1,first_stable_frame_of_label,https://www.youtube.com/watch?v=U7DFnNimSfw
39,28.2,0:28.2,0.1,first_stable_frame_of_label,https://www.youtube.com/watch?v=U7DFnNimSfw
40,28.8,0:28.8,0.1,first_stable_frame_of_label,https://www.youtube.com/watch?v=U7DFnNimSfw
41,29.4,0:29.4,0.1,first_stable_frame_of_label,https://www.youtube.com/watch?v=U7DFnNimSfw
42,30.1,0:30.1,0.1,first_stable_frame_of_label,https://www.youtube.com/watch?v=U7DFnNimSfw
43,30.7,0:30.7,0.1,first_stable_frame_of_label,https://www.youtube.com/watch?v=U7DFnNimSfw
44,31.4,0:31.4,0.1,first_stable_frame_of_label,https://www.youtube.com/watch?v=U7DFnNimSfw
45,32.1,0:32.1,0.1,first_stable_frame_of_label,https://www.youtube.com/watch?v=U7DFnNimSfw
46,32.7,0:32.7,0.1,first_stable_frame_of_label,https://www.youtube.com/watch?v=U7DFnNimSfw
47,33.4,0:33.4,0.1,first_stable_frame_of_label,https://www.youtube.com/watch?v=U7DFnNimSfw
48,34.0,0:34.0,0.1,first_stable_frame_of_label,https://www.youtube.com/watch?v=U7DFnNimSfw
49,34.7,0:34.7,0.1,first_stable_frame_of_label,https://www.youtube.com/watch?v=U7DFnNimSfw
50,35.3,0:35.3,0.1,first_stable_frame_of_label,https://www.youtube.com/watch?v=U7DFnNimSfw
51,36.0,0:36.0,0.1,first_stable_frame_of_label,https://www.youtube.com/watch?v=U7DFnNimSfw
52,36.6,0:36.6,0.1,first_stable_frame_of_label,https://www.youtube.com/watch?v=U7DFnNimSfw
53,37.3,0:37.3,0.1,first_stable_frame_of_label,https://www.youtube.com/watch?v=U7DFnNimSfw
54,38.0,0:38.0,0.1,first_stable_frame_of_label,https://www.youtube.com/watch?v=U7DFnNimSfw
55,38.6,0:38.6,0.1,first_stable_frame_of_label,https://www.youtube.com/watch?v=U7DFnNimSfw
56,39.3,0:39.3,0.1,first_stable_frame_of_label,https://www.youtube.com/watch?v=U7DFnNimSfw
57,39.9,0:39.9,0.1,first_stable_frame_of_label,https://www.youtube.com/watch?v=U7DFnNimSfw
58,40.6,0:40.6,0.1,first_stable_frame_of_label,https://www.youtube.com/watch?v=U7DFnNimSfw
59,41.3,0:41.3,0.1,first_stable_frame_of_label,https://www.youtube.com/watch?v=U7DFnNimSfw
60,41.9,0:41.9,0.1,first_stable_frame_of_label,https://www.youtube.com/watch?v=U7DFnNimSfw
61,42.6,0:42.6,0.1,first_stable_frame_of_label,https://www.youtube.com/watch?v=U7DFnNimSfw
62,43.3,0:43.3,0.1,first_stable_frame_of_label,https://www.youtube.com/watch?v=U7DFnNimSfw
63,43.9,0:43.9,0.1,first_stable_frame_of_label,https://www.youtube.com/watch?v=U7DFnNimSfw
64,44.6,0:44.6,0.1,first_stable_frame_of_label,https://www.youtube.com/watch?v=U7DFnNimSfw
65,45.3,0:45.3,0.1,first_stable_frame_of_label,https://www.youtube.com/watch?v=U7DFnNimSfw
66,45.9,0:45.9,0.1,first_stable_frame_of_label,https://www.youtube.com/watch?v=U7DFnNimSfw
67,46.6,0:46.6,0.1,first_stable_frame_of_label,https://www.youtube.com/watch?v=U7DFnNimSfw
68,48.6,0:48.6,0.1,first_stable_frame_of_label,https://www.youtube.com/watch?v=U7DFnNimSfw
69,50.6,0:50.6,0.1,first_stable_frame_of_label,https://www.youtube.com/watch?v=U7DFnNimSfw
70,52.6,0:52.6,0.1,first_stable_frame_of_label,https://www.youtube.com/watch?v=U7DFnNimSfw
71,54.6,0:54.6,0.1,first_stable_frame_of_label,https://www.youtube.com/watch?v=U7DFnNimSfw
72,56.6,0:56.6,0.1,first_stable_frame_of_label,https://www.youtube.com/watch?v=U7DFnNimSfw
